Source Host,Source Country,Source City
185.189.182.234,The Netherlands,Rotterdam
185.189.182.234,The Netherlands,Rotterdam
185.189.182.234,The Netherlands,Rotterdam
185.189.182.234,The Netherlands,Rotterdam
185.189.182.234,The Netherlands,Rotterdam
185.189.182.234,The Netherlands,Rotterdam
185.189.182.234,The Netherlands,Rotterdam
185.189.182.234,The Netherlands,Rotterdam
185.189.182.234,The Netherlands,Rotterdam
185.189.182.234,The Netherlands,Rotterdam
185.189.182.234,The Netherlands,Rotterdam
185.189.182.234,The Netherlands,Rotterdam
185.189.182.234,The Netherlands,Rotterdam
185.189.182.234,The Netherlands,Rotterdam
64.62.197.239,United States,Unknown
64.62.197.239,United States,Unknown
64.62.197.239,United States,Unknown
78.153.140.179,United Kingdom,London
78.153.140.179,United Kingdom,London
78.153.140.179,United Kingdom,London
78.153.140.179,United Kingdom,London
122.224.129.234,China,Unknown
122.224.129.234,China,Unknown
122.224.129.234,China,Unknown
122.224.129.234,China,Unknown
122.224.129.234,China,Unknown
122.224.129.234,China,Unknown
122.224.129.234,China,Unknown
122.224.129.234,China,Unknown
122.224.129.234,China,Unknown
122.224.129.234,China,Unknown
122.224.129.234,China,Unknown
78.153.140.179,United Kingdom,London
78.153.140.179,United Kingdom,London
78.153.140.179,United Kingdom,London
78.153.140.179,United Kingdom,London
78.153.140.179,United Kingdom,London
78.153.140.179,United Kingdom,London
78.153.140.179,United Kingdom,London
78.153.140.179,United Kingdom,London
78.153.140.179,United Kingdom,London
78.153.140.179,United Kingdom,London
78.153.140.179,United Kingdom,London
78.153.140.179,United Kingdom,London
78.153.140.179,United Kingdom,London
78.153.140.179,United Kingdom,London
78.153.140.179,United Kingdom,London
78.153.140.179,United Kingdom,London
78.153.140.179,United Kingdom,London
78.153.140.179,United Kingdom,London
78.153.140.179,United Kingdom,London
122.224.129.234,China,Unknown
122.224.129.234,China,Unknown
122.224.129.234,China,Unknown
122.224.129.234,China,Unknown
122.224.129.234,China,Unknown
122.224.129.234,China,Unknown
122.224.129.234,China,Unknown
122.224.129.234,China,Unknown
122.224.129.234,China,Unknown
122.224.129.234,China,Unknown
122.224.129.234,China,Unknown
122.224.129.234,China,Unknown
78.153.140.179,United Kingdom,London
78.153.140.179,United Kingdom,London
78.153.140.179,United Kingdom,London
208.100.26.236,United States,Unknown
208.100.26.236,United States,Unknown
208.100.26.236,United States,Unknown
208.100.26.236,United States,Unknown
208.100.26.236,United States,Unknown
208.100.26.236,United States,Unknown
208.100.26.236,United States,Unknown
208.100.26.236,United States,Unknown
208.100.26.236,United States,Unknown
208.100.26.236,United States,Unknown
78.153.140.179,United Kingdom,London
78.153.140.179,United Kingdom,London
78.153.140.179,United Kingdom,London
78.153.140.179,United Kingdom,London
78.153.140.179,United Kingdom,London
78.153.140.179,United Kingdom,London
78.153.140.179,United Kingdom,London
78.153.140.179,United Kingdom,London
78.153.140.179,United Kingdom,London
78.153.140.179,United Kingdom,London
78.153.140.179,United Kingdom,London
78.153.140.179,United Kingdom,London
78.153.140.179,United Kingdom,London
78.153.140.179,United Kingdom,London
78.153.140.179,United Kingdom,London
78.153.140.179,United Kingdom,London
78.153.140.179,United Kingdom,London
78.153.140.179,United Kingdom,London
78.153.140.179,United Kingdom,London
78.153.140.179,United Kingdom,London
78.153.140.179,United Kingdom,London
78.153.140.179,United Kingdom,London
78.153.140.179,United Kingdom,London
78.153.140.179,United Kingdom,London
78.153.140.179,United Kingdom,London
78.153.140.179,United Kingdom,London
78.153.140.179,United Kingdom,London
78.153.140.179,United Kingdom,London
78.153.140.179,United Kingdom,London
78.153.140.179,United Kingdom,London
78.153.140.179,United Kingdom,London
78.153.140.179,United Kingdom,London
78.153.140.179,United Kingdom,London
78.153.140.179,United Kingdom,London
78.153.140.179,United Kingdom,London
208.100.26.236,United States,Unknown
165.154.235.63,United States,Los Angeles
165.154.235.63,United States,Los Angeles
165.154.235.63,United States,Los Angeles
165.154.235.63,United States,Los Angeles
165.154.235.63,United States,Los Angeles
165.154.235.63,United States,Los Angeles
165.154.235.63,United States,Los Angeles
165.154.235.63,United States,Los Angeles
165.154.235.63,United States,Los Angeles
165.154.235.63,United States,Los Angeles
165.154.235.63,United States,Los Angeles
165.154.235.63,United States,Los Angeles
165.154.235.63,United States,Los Angeles
165.154.235.63,United States,Los Angeles
165.154.235.63,United States,Los Angeles
165.154.235.63,United States,Los Angeles
165.154.235.63,United States,Los Angeles
165.154.235.63,United States,Los Angeles
165.154.235.63,United States,Los Angeles
165.154.235.63,United States,Los Angeles
165.154.235.63,United States,Los Angeles
165.154.235.63,United States,Los Angeles
165.154.235.63,United States,Los Angeles
165.154.235.63,United States,Los Angeles
165.154.235.63,United States,Los Angeles
165.154.235.63,United States,Los Angeles
165.154.235.63,United States,Los Angeles
165.154.235.63,United States,Los Angeles
165.154.235.63,United States,Los Angeles
165.154.235.63,United States,Los Angeles
165.154.235.63,United States,Los Angeles
165.154.235.63,United States,Los Angeles
165.154.235.63,United States,Los Angeles
165.154.235.63,United States,Los Angeles
165.154.235.63,United States,Los Angeles
165.154.235.63,United States,Los Angeles
165.154.235.63,United States,Los Angeles
165.154.235.63,United States,Los Angeles
165.154.235.63,United States,Los Angeles
165.154.235.63,United States,Los Angeles
165.154.235.63,United States,Los Angeles
165.154.235.63,United States,Los Angeles
165.154.235.63,United States,Los Angeles
165.154.235.63,United States,Los Angeles
165.154.235.63,United States,Los Angeles
165.154.235.63,United States,Los Angeles
165.154.235.63,United States,Los Angeles
165.154.235.63,United States,Los Angeles
165.154.235.63,United States,Los Angeles
165.154.235.63,United States,Los Angeles
165.154.235.63,United States,Los Angeles
165.154.235.63,United States,Los Angeles
165.154.235.63,United States,Los Angeles
165.154.235.63,United States,Los Angeles
165.154.235.63,United States,Los Angeles
165.154.235.63,United States,Los Angeles
165.154.235.63,United States,Los Angeles
165.154.235.63,United States,Los Angeles
165.154.235.63,United States,Los Angeles
165.154.235.63,United States,Los Angeles
165.154.235.63,United States,Los Angeles
165.154.235.63,United States,Los Angeles
165.154.235.63,United States,Los Angeles
165.154.235.63,United States,Los Angeles
165.154.235.63,United States,Los Angeles
165.154.235.63,United States,Los Angeles
165.154.235.63,United States,Los Angeles
78.153.140.179,United Kingdom,London
78.153.140.179,United Kingdom,London
78.153.140.179,United Kingdom,London
78.153.140.179,United Kingdom,London
185.189.182.234,The Netherlands,Rotterdam
185.189.182.234,The Netherlands,Rotterdam
185.189.182.234,The Netherlands,Rotterdam
185.189.182.234,The Netherlands,Rotterdam
185.189.182.234,The Netherlands,Rotterdam
185.189.182.234,The Netherlands,Rotterdam
185.189.182.234,The Netherlands,Rotterdam
185.189.182.234,The Netherlands,Rotterdam
185.189.182.234,The Netherlands,Rotterdam
185.189.182.234,The Netherlands,Rotterdam
185.189.182.234,The Netherlands,Rotterdam
185.189.182.234,The Netherlands,Rotterdam
185.189.182.234,The Netherlands,Rotterdam
185.189.182.234,The Netherlands,Rotterdam
185.189.182.234,The Netherlands,Rotterdam
185.189.182.234,The Netherlands,Rotterdam
185.189.182.234,The Netherlands,Rotterdam
185.189.182.234,The Netherlands,Rotterdam
185.189.182.234,The Netherlands,Rotterdam
185.189.182.234,The Netherlands,Rotterdam
185.189.182.234,The Netherlands,Rotterdam
185.189.182.234,The Netherlands,Rotterdam
185.189.182.234,The Netherlands,Rotterdam
185.189.182.234,The Netherlands,Rotterdam
185.189.182.234,The Netherlands,Rotterdam
185.189.182.234,The Netherlands,Rotterdam
185.189.182.234,The Netherlands,Rotterdam
185.189.182.234,The Netherlands,Rotterdam
185.189.182.234,The Netherlands,Rotterdam
185.189.182.234,The Netherlands,Rotterdam
185.189.182.234,The Netherlands,Rotterdam
78.153.140.179,United Kingdom,London
78.153.140.179,United Kingdom,London
78.153.140.179,United Kingdom,London
78.153.140.179,United Kingdom,London
78.153.140.179,United Kingdom,London
78.153.140.179,United Kingdom,London
78.153.140.179,United Kingdom,London
78.153.140.179,United Kingdom,London
78.153.140.179,United Kingdom,London
78.153.140.179,United Kingdom,London
78.153.140.179,United Kingdom,London
78.153.140.179,United Kingdom,London
78.153.140.179,United Kingdom,London
78.153.140.179,United Kingdom,London
78.153.140.179,United Kingdom,London
78.153.140.179,United Kingdom,London
78.153.140.179,United Kingdom,London
78.153.140.179,United Kingdom,London
78.153.140.179,United Kingdom,London
78.153.140.179,United Kingdom,London
78.153.140.179,United Kingdom,London
78.153.140.179,United Kingdom,London
78.153.140.179,United Kingdom,London
78.153.140.179,United Kingdom,London
78.153.140.179,United Kingdom,London
78.153.140.179,United Kingdom,London
78.153.140.179,United Kingdom,London
78.153.140.179,United Kingdom,London
78.153.140.179,United Kingdom,London
78.153.140.179,United Kingdom,London
78.153.140.179,United Kingdom,London
208.100.26.236,United States,Unknown
ip236.208-100-26.static.steadfastdns.net,United States,Unknown
122.224.129.234,China,Unknown
122.224.129.234,China,Unknown
122.224.129.234,China,Unknown
78.153.140.179,United Kingdom,London
78.153.140.179,United Kingdom,London
78.153.140.179,United Kingdom,London
78.153.140.179,United Kingdom,London
165.154.225.160,Hong Kong,Hong Kong
165.154.225.160,Hong Kong,Hong Kong
165.154.225.160,Hong Kong,Hong Kong
165.154.225.160,Hong Kong,Hong Kong
78.153.140.179,United Kingdom,London
78.153.140.179,United Kingdom,London
78.153.140.179,United Kingdom,London
78.153.140.179,United Kingdom,London
78.153.140.179,United Kingdom,London
185.189.182.234,The Netherlands,Rotterdam
185.189.182.234,The Netherlands,Rotterdam
185.189.182.234,The Netherlands,Rotterdam
185.189.182.234,The Netherlands,Rotterdam
185.189.182.234,The Netherlands,Rotterdam
185.189.182.234,The Netherlands,Rotterdam
185.189.182.234,The Netherlands,Rotterdam
185.189.182.234,The Netherlands,Rotterdam
185.189.182.234,The Netherlands,Rotterdam
185.189.182.234,The Netherlands,Rotterdam
185.189.182.234,The Netherlands,Rotterdam
185.189.182.234,The Netherlands,Rotterdam
185-189-182-234.rdns.connect-to-cloud.net,The Netherlands,Rotterdam
78.153.140.179,United Kingdom,London
78.153.140.179,United Kingdom,London
78.153.140.179,United Kingdom,London
78.153.140.179,United Kingdom,London
78.153.140.179,United Kingdom,London
78.153.140.179,United Kingdom,London
64.62.197.239,United States,Unknown
64.62.197.239,United States,Unknown
64.62.197.239,United States,Unknown
185.189.182.234,The Netherlands,Rotterdam
185.189.182.234,The Netherlands,Rotterdam
185.189.182.234,The Netherlands,Rotterdam
185.189.182.234,The Netherlands,Rotterdam
185.189.182.234,The Netherlands,Rotterdam
185.189.182.234,The Netherlands,Rotterdam
78.153.140.179,United Kingdom,London
78.153.140.179,United Kingdom,London
78.153.140.179,United Kingdom,London
78.153.140.179,United Kingdom,London
185.189.182.234,The Netherlands,Rotterdam
185.189.182.234,The Netherlands,Rotterdam
185.189.182.234,The Netherlands,Rotterdam
162.243.151.8,United States,San Francisco
162.243.151.8,United States,San Francisco
162.243.151.8,United States,San Francisco
162.243.151.8,United States,San Francisco
162.243.151.8,United States,San Francisco
162.243.151.8,United States,San Francisco
162.243.151.8,United States,San Francisco
162.243.151.8,United States,San Francisco
162.243.151.8,United States,San Francisco
162.243.151.8,United States,San Francisco
162.243.151.8,United States,San Francisco
162.243.151.8,United States,San Francisco
165.154.235.63,United States,Los Angeles
78.153.140.179,United Kingdom,London
78.153.140.179,United Kingdom,London
78.153.140.179,United Kingdom,London
78.153.140.179,United Kingdom,London
78.153.140.179,United Kingdom,London
78.153.140.179,United Kingdom,London
78.153.140.179,United Kingdom,London
78.153.140.179,United Kingdom,London
78.153.140.179,United Kingdom,London
78.153.140.179,United Kingdom,London
78.153.140.179,United Kingdom,London
78.153.140.179,United Kingdom,London
78.153.140.179,United Kingdom,London
78.153.140.179,United Kingdom,London
78.153.140.179,United Kingdom,London
78.153.140.179,United Kingdom,London
78.153.140.179,United Kingdom,London
78.153.140.179,United Kingdom,London
78.153.140.179,United Kingdom,London
78.153.140.179,United Kingdom,London
78.153.140.179,United Kingdom,London
78.153.140.179,United Kingdom,London
78.153.140.179,United Kingdom,London
78.153.140.179,United Kingdom,London
78.153.140.179,United Kingdom,London
78.153.140.179,United Kingdom,London
78.153.140.179,United Kingdom,London
78.153.140.179,United Kingdom,London
78.153.140.179,United Kingdom,London
78.153.140.179,United Kingdom,London
78.153.140.179,United Kingdom,London
78.153.140.179,United Kingdom,London
78.153.140.179,United Kingdom,London
78.153.140.179,United Kingdom,London
78.153.140.179,United Kingdom,London
78.153.140.179,United Kingdom,London
78.153.140.179,United Kingdom,London
78.153.140.179,United Kingdom,London
185.189.182.234,The Netherlands,Rotterdam
185.189.182.234,The Netherlands,Rotterdam
78.153.140.179,United Kingdom,London
78.153.140.179,United Kingdom,London
185.189.182.234,The Netherlands,Rotterdam
78.153.140.179,United Kingdom,London
78.153.140.179,United Kingdom,London
78.153.140.179,United Kingdom,London
78.153.140.179,United Kingdom,London
78.153.140.179,United Kingdom,London
185.189.182.234,The Netherlands,Rotterdam
185.189.182.234,The Netherlands,Rotterdam
185.189.182.234,The Netherlands,Rotterdam
185.189.182.234,The Netherlands,Rotterdam
78.153.140.179,United Kingdom,London
78.153.140.179,United Kingdom,London
78.153.140.179,United Kingdom,London
78.153.140.179,United Kingdom,London
78.153.140.179,United Kingdom,London
78.153.140.179,United Kingdom,London
78.153.140.179,United Kingdom,London
78.153.140.179,United Kingdom,London
78.153.140.179,United Kingdom,London
78.153.140.179,United Kingdom,London
78.153.140.179,United Kingdom,London
78.153.140.179,United Kingdom,London
78.153.140.179,United Kingdom,London
78.153.140.179,United Kingdom,London
78.153.140.179,United Kingdom,London
78.153.140.179,United Kingdom,London
78.153.140.179,United Kingdom,London
78.153.140.179,United Kingdom,London
78.153.140.179,United Kingdom,London
78.153.140.179,United Kingdom,London
78.153.140.179,United Kingdom,London
78.153.140.179,United Kingdom,London
78.153.140.179,United Kingdom,London
185.189.182.234,The Netherlands,Rotterdam
185.189.182.234,The Netherlands,Rotterdam
79.124.60.246	Bulgaria
198.235.24.75	United States
109.205.213.113	Azerbaijan
79.124.56.142	Bulgaria
5.10.250.241	United Kingdom
79.124.60.194	Bulgaria
71.6.134.231	United States
91.148.190.170	Bulgaria
64.145.76.134	United States
80.82.77.139	The Netherlands
83.97.73.245	Russia
205.210.31.212	United States
141.98.7.67	Bulgaria
205.210.31.13	United States
183.136.225.32	China
80.66.83.200	India
223.113.128.133	China
205.210.31.224	United States
198.235.24.39	United States
198.235.24.216	United States
79.110.62.186	The Netherlands
185.233.19.253	Hong Kong
205.210.31.254	United States
205.210.31.176	United States
45.33.42.25	United States
167.94.138.147	United States
167.94.146.21	United States
205.210.31.219	United States
64.145.94.46	United States
51.159.103.10	France
185.224.128.43	The Netherlands
183.81.169.238	The Netherlands
45.155.91.10	Philippines
20.172.224.141	United States
89.248.163.200	The Netherlands
162.142.125.80	United States
162.142.125.92	United States
216.151.183.46	United States
198.235.24.218	United States
210.245.120.108	Vietnam
198.235.24.221	United States
162.142.125.90	United States
107.170.249.30	United States
207.90.244.5	United States
107.170.234.29	United States
43.133.145.201	Indonesia
167.94.145.20	United States
45.227.253.130	Panama
91.191.209.38	Bulgaria
128.14.209.38	United States
205.210.31.174	United States
205.210.31.186	United States
198.235.24.118	United States
185.169.4.105	United Kingdom
205.210.31.104	United States
198.235.24.107	United States
118.193.58.187	Germany
205.210.31.196	United States
205.210.31.235	United States
205.210.31.60	United States
45.142.182.123	Germany
162.142.125.95	United States
198.235.24.49	United States
121.250.190.6	China
167.94.145.27	United States
205.210.31.197	United States
62.204.41.122	Russia
79.124.58.18	Bulgaria
167.248.133.162	United States
167.94.138.136	United States
65.49.1.59	United States
167.94.146.28	United States
152.32.208.7	United States
205.210.31.252	United States
167.94.138.131	United States
198.235.24.59	United States
79.124.62.62	Bulgaria
167.94.138.149	United States
185.242.226.27	The Netherlands
35.203.210.238	United Kingdom
173.245.203.220	United States
198.235.24.166	United States
167.248.133.164	United States
167.94.145.21	United States
198.235.24.245	United States
179.43.180.106	Switzerland
198.235.24.92	United States
198.235.24.224	United States
176.123.10.52	Moldova
205.210.31.28	United States
81.19.136.251	Russia
198.235.24.232	United States
71.6.199.23	United States
216.151.180.195	United States
167.94.145.30	United States
198.235.24.237	United States
198.235.24.105	United States
183.136.225.29	China
165.22.85.76	Germany
198.235.24.76	United States
198.235.24.95	United States
205.210.31.78	United States
209.107.204.118	United States
205.210.31.10	United States
43.153.16.239	United States
198.199.107.93	United States
34.76.96.55	Belgium
192.241.208.64	United States
162.142.125.81	United States
71.6.167.142	United States
193.163.125.63	United Kingdom
165.22.74.213	Germany
167.248.133.167	United States
121.199.18.239	China
205.210.31.203	United States
167.248.133.169	United States
205.210.31.50	United States
205.210.31.234	United States
159.203.192.38	United States
205.210.31.70	United States
198.235.24.40	United States
198.235.24.122	United States
185.94.111.1	Russia
218.92.0.99	China
185.196.8.151	United States
205.210.31.31	United States
205.210.31.88	United States
103.45.246.42	Sweden
185.161.248.87	Russia
162.243.129.36	United States
167.94.146.23	United States
71.6.134.230	United States
198.235.24.33	United States
167.94.138.154	United States
205.210.31.135	United States
198.235.24.238	United States
205.210.31.82	United States
71.6.134.232	United States
106.75.135.116	China
167.94.145.17	United States
167.94.138.129	United States
198.235.24.169	United States
194.169.175.34	The Netherlands
205.210.31.253	United States
79.161.11.82	Norway
205.185.223.154	United States
198.235.24.102	United States
141.98.10.44	Lithuania
167.248.133.160	United States
167.94.138.138	United States
162.142.125.87	United States
198.235.24.25	United States
125.212.217.215	Vietnam
198.235.24.226	United States
162.142.125.86	United States
167.248.133.122	United States
167.248.133.165	United States
205.210.31.147	United States
43.155.160.194	South Korea
205.185.222.184	United States
43.153.66.189	United States
162.142.125.84	United States
62.204.41.128	Russia
159.203.165.156	United States
49.51.160.161	Germany
205.210.31.89	United States
198.235.24.44	United States
167.248.133.175	United States
167.94.138.135	United States
198.235.24.222	United States
93.174.95.106	The Netherlands
205.210.31.171	United States
132.148.72.192	United States
198.235.24.186	United States
198.235.24.101	United States
14.225.208.190	Vietnam
167.94.138.158	United States
89.248.172.16	The Netherlands
165.232.152.69	United States
205.210.31.255	United States
167.248.133.163	United States
79.124.62.86	Bulgaria
173.245.202.195	United States
198.235.24.89	United States
167.248.133.173	United States
167.94.138.139	United States
43.133.129.69	Indonesia
198.235.24.215	United States
205.210.31.194	United States
167.94.138.133	United States
80.66.88.204	The Netherlands
198.235.24.242	United States
198.235.24.240	United States
45.143.9.162	Lithuania
103.56.61.130	China
94.156.67.182	Bulgaria
205.210.31.56	United States
198.235.24.244	United States
45.155.91.20	Philippines
167.94.138.155	United States
222.186.13.133	China
205.209.104.2	United States
205.210.31.218	United States
162.216.149.215	United States
198.235.24.66	United States
185.243.5.33	United States
216.182.106.149	United States
167.248.133.190	United States
205.210.31.201	United States
198.235.24.104	United States
198.235.24.99	United States
205.210.31.71	United States
205.210.31.57	United States
167.94.138.141	United States
198.235.24.164	United States
198.235.24.42	United States
198.235.24.77	United States
201.140.123.130	Mexico
183.104.160.181	South Korea
118.123.105.93	China
167.94.138.156	United States
167.248.133.53	United States
205.210.31.92	United States
198.235.24.227	United States
167.94.138.130	United States
167.94.138.146	United States
167.94.138.36	United States
167.94.138.144	United States
223.113.128.138	China
167.94.138.142	United States
198.235.24.103	United States
207.90.244.14	United States
205.210.31.211	United States
91.191.209.198	Bulgaria
159.203.192.45	United States
194.26.135.250	Russia
218.92.0.30	China
185.167.96.146	The Netherlands
167.248.133.188	United States
198.235.24.140	United States
198.235.24.97	United States
198.235.24.21	United States
167.94.146.20	United States
167.99.67.45	Singapore
185.165.190.34	United States
198.235.24.143	United States
167.248.133.166	United States
205.210.31.222	United States
65.49.20.71	United States
51.159.93.41	France
185.161.248.120	Russia
222.186.13.132	China
162.142.125.83	United States
209.107.196.8	Ukraine
167.248.133.172	United States
71.6.165.200	United States
164.155.206.78	United States
cs.ffbtas.com	United States
205.210.31.233	United States
49.51.231.164	United States
192.241.197.50	United States
198.235.24.70	United States
209.107.216.5	United States
71.6.134.235	United States
162.142.125.91	United States
45.147.250.233	Italy
176.113.115.123	Hong Kong
152.32.225.11	Hong Kong
167.94.138.137	United States
118.123.105.85	China
107.170.252.63	United States
167.94.138.140	United States
167.94.146.22	United States
198.58.115.86	United States
95.214.27.8	The Netherlands
80.94.92.60	Romania
185.242.226.22	The Netherlands
205.210.31.175	United States
167.94.146.25	United States
205.185.222.206	United States
167.94.138.134	United States
167.94.138.128	United States
74.82.47.40	United States
47.95.215.141	China
43.133.10.29	Japan
91.92.252.90	Bulgaria
80.94.93.247	Romania
66.240.236.119	United States
185.196.220.61	United States
167.94.138.152	United States
94.102.49.190	The Netherlands
162.142.125.85	United States
167.94.138.145	United States
118.37.157.169	South Korea
167.94.138.157	United States
43.133.183.49	Japan
195.144.21.56	Austria
205.210.31.199	United States
165.154.138.3	Germany
192.241.223.7	United States
205.185.214.21	United States
152.32.183.31	United States
185.81.68.101	Russia
63.251.106.21	United States
167.94.145.16	United States
75.119.153.250	Germany
198.235.24.207	United States
94.102.49.193	The Netherlands
80.66.83.152	India
205.210.31.51	United States
165.154.129.201	United Kingdom
119.167.222.135	China
61.177.173.45	China
107.170.237.50	United States
167.94.145.26	United States
117.187.117.6	China
167.94.138.159	United States
209.107.204.242	United States
154.209.125.190	Hong Kong
173.245.203.21	United States
205.210.31.230	United States
58.218.242.242	China
167.248.133.168	United States
209.107.196.32	Ukraine
167.94.138.126	United States
185.216.70.235	United States
drt1fhpy4haqm.cloudfront.net	United States
71.6.146.185	United States
207.90.244.3	United States
64.20.30.187	United States
45.156.129.26	Portugal
35.203.210.167	United Kingdom
server.cpmstar.com	United States
205.210.31.184	United States
94.156.65.202	Bulgaria
103.146.23.88	Vietnam
79.110.62.145	The Netherlands
49.247.132.173	South Korea
64.145.76.63	United States
80.94.93.218	Romania
167.94.146.27	United States
192.241.202.85	United States
209.107.204.194	United States
43.133.11.82	Japan
162.142.125.88	United States
185.142.236.36	The Netherlands
84.54.51.37	The Netherlands
162.243.136.67	United States
167.94.138.153	United States
185.142.236.34	The Netherlands
162.142.125.89	United States
162.142.125.93	United States
162.142.125.226	United States
167.94.145.31	United States
173.245.203.201	United States
167.94.138.150	United States
167.248.133.174	United States
91.191.209.166	Bulgaria
103.56.61.144	China
185.243.5.42	United States
184.105.139.99	United States
65.49.1.84	United States
193.163.125.72	United Kingdom
77.83.36.43	Ukraine
167.248.133.171	United States
167.94.138.151	United States
66.240.192.138	United States
38.60.89.57	United States
167.248.133.170	United States
147.182.187.234	United States
43.153.16.154	United States
192.241.195.114	United States
35.203.210.203	United Kingdom
152.32.206.49	United States
198.235.24.172	United States
45.140.143.40	The Netherlands
91.92.251.164	Bulgaria
205.210.31.44	United States
205.210.31.46	United States
198.235.24.46	United States
198.235.24.35	United States
205.210.31.166	United States
212.76.27.39	Kazakhstan
162.142.125.94	United States
51.159.21.239	France
windowsupdatebg.s.llnwi.net	United States
198.235.24.48	United States
198.235.24.85	United States
205.210.31.242	United States
198.235.24.217	United States
71.6.158.166	United States
167.248.133.161	United States
64.62.197.142	United States
152.32.183.27	United States
165.154.100.42	Philippines
198.235.24.53	United States
198.235.24.228	United States
205.210.31.54	United States
205.210.31.228	United States
198.235.24.199	United States
104.248.136.93	Germany
80.82.77.33	The Netherlands
198.235.24.236	United States
198.235.24.219	United States
5.178.185.166	Georgia
205.210.31.237	United States
198.235.24.79	United States
205.210.31.100	United States
45.147.250.208	Italy
124.156.238.47	Japan
198.235.24.144	United States
198.235.24.150	United States
185.167.97.229	The Netherlands
61.177.172.157	China
199.195.253.191	United States
198.235.24.248	United States
43.134.92.75	Singapore
43.153.169.80	Japan
198.235.24.178	United States
198.235.24.87	United States
198.235.24.81	United States
205.210.31.153	United States
198.235.24.69	United States
205.210.31.204	United States
205.210.31.172	United States
205.210.31.208	United States
78.153.140.179	United Kingdom
199.45.155.34	United States
121.199.56.253	China
205.210.31.163	United States
45.156.128.2	Portugal
45.128.96.109	United States
198.235.24.181	United States
211.95.47.188	China
167.94.138.148	United States
107.170.247.22	United States
198.235.24.94	United States
185.139.228.190	Sweden
198.235.24.55	United States
66.240.219.146	United States
217.133.205.199	Italy
198.235.24.116	United States
42.194.144.103	China
192.241.219.55	United States
205.210.31.170	United States
198.235.24.26	United States
198.235.24.36	United States
94.232.45.152	Russia
45.170.251.104	United States
143.198.237.138	United States
107.170.240.59	United States
205.210.31.248	United States
205.210.31.41	United States
91.224.92.14	United Kingdom
185.191.126.213	Seychelles
205.210.31.83	United States
109.205.213.120	Azerbaijan
78.128.113.250	Bulgaria
198.235.24.57	United States
64.62.197.61	United States
205.210.31.95	United States
67.217.56.114	United States
185.189.182.234	The Netherlands
162.216.149.128	United States
205.210.31.23	United States
49.51.228.67	United States
104.152.52.230	United States
198.235.24.16	United States
198.235.24.170	United States
167.248.133.183	United States
45.128.232.111	The Netherlands
205.210.31.133	United States
49.51.161.26	Germany
45.147.250.222	Italy
205.210.31.202	United States
205.210.31.47	United States
198.235.24.202	United States
198.235.24.54	United States
205.210.31.226	United States
205.210.31.77	United States
167.94.138.132	United States
205.210.31.102	United States
118.123.105.92	China
198.235.24.6	United States
192.241.215.48	United States
138.197.177.111	Germany
165.154.118.26	Thailand
77.90.185.72	Germany
205.210.31.111	United States
198.235.24.78	United States
162.62.209.135	Germany
43.129.40.171	Indonesia
193.35.18.40	The Netherlands
205.210.31.200	United States
167.94.145.22	United States
198.235.24.193	United States
205.210.31.167	United States
205.210.31.185	United States
205.210.31.169	United States
43.157.46.187	Germany
107.170.254.17	United States
205.210.31.142	United States
158.178.232.193	Singapore
141.98.11.179	Lithuania
167.94.146.57	United States
198.235.24.83	United States
205.210.31.245	United States
43.133.5.165	Japan
205.210.31.129	United States
205.210.31.183	United States
205.210.31.42	United States
167.94.146.31	United States
192.241.197.42	United States
205.210.31.80	United States
198.235.24.47	United States
198.235.24.71	United States
205.210.31.85	United States
184.105.247.238	United States
167.248.133.189	United States
198.235.24.162	United States
205.210.31.229	United States
198.235.24.220	United States
198.235.24.127	United States
147.203.255.20	United States
198.235.24.52	United States
218.76.18.199	China
91.92.253.219	Bulgaria
199.45.154.49	United States
205.210.31.97	United States
167.94.145.59	United States
157.245.98.245	India
87.121.69.22	United Kingdom
170.64.236.35	Australia
198.235.24.50	United States
td-ccm-neg-87-45.wixdns.net	United States
122.224.37.86	China
199.45.155.35	United States
111.43.75.93	China
183.239.27.18	China
77980.bodis.com	United States
39.103.210.172	China
194.169.175.38	The Netherlands
imtwjwoasak.com	United States
205.210.31.209	United States
185.224.128.34	The Netherlands
221.159.100.63	South Korea
141.98.11.96	Lithuania
198.235.24.251	United States
205.210.31.247	United States
107.170.243.29	United States
103.153.69.117	Vietnam
162.216.150.26	United States
184.105.247.251	United States
205.210.31.241	United States
205.210.31.67	United States
152.32.159.180	India
198.235.24.138	United States
185.161.248.157	Russia
198.235.24.112	United States
205.210.31.227	United States
167.94.146.18	United States
205.210.31.205	United States
43.129.53.170	Indonesia
205.210.31.107	United States
198.235.24.51	United States
198.235.24.253	United States
205.210.31.84	United States
199.45.154.17	United States
198.235.24.156	United States
122.228.23.224	China
205.210.31.45	United States
205.210.31.217	United States
198.235.24.38	United States
205.210.31.68	United States
198.235.24.28	United States
205.210.31.158	United States
198.235.24.213	United States
167.94.146.17	United States
198.235.24.205	United States
205.210.31.145	United States
198.235.24.214	United States
198.235.24.211	United States
107.170.254.30	United States
205.210.31.53	United States
198.235.24.165	United States
198.235.24.18	United States
198.235.24.177	United States
198.235.24.171	United States
198.235.24.117	United States
198.235.24.86	United States
205.210.31.164	United States
198.235.24.234	United States
205.210.31.86	United States
71.6.135.131	United States
64.62.197.186	United States
65.49.1.101	United States
198.199.111.155	United States
45.141.202.198	The Netherlands
198.235.24.194	United States
205.210.31.251	United States
61.130.144.149	China
64.19.222.131	United States
66.240.236.109	United States
198.235.24.124	United States
198.199.92.19	United States
79.110.62.39	The Netherlands
198.235.24.109	United States
198.235.24.121	United States
167.248.133.158	United States
71.6.232.20	United States
198.235.24.249	United States
198.235.24.65	United States
198.235.24.196	United States
165.154.235.63	United States
103.79.142.220	Vietnam
43.157.39.98	Germany
80.66.83.153	India
43.157.64.235	Germany
198.199.95.91	United States
222.118.160.227	South Korea
221.7.46.242	China
91.215.85.18	Russia
79.110.62.189	The Netherlands
198.235.24.119	United States
198.235.24.204	United States
194.120.230.39	France
95.57.218.103	Kazakhstan
205.210.31.109	United States
205.210.31.198	United States
185.242.226.49	The Netherlands
1.203.76.209	China
198.211.114.179	United States
185.180.143.11	Portugal
158.220.112.218	Germany
207.90.244.6	United States
198.235.24.185	United States
198.235.24.37	United States
198.235.24.93	United States
103.153.69.114	Vietnam
205.210.31.91	United States
185.167.96.138	The Netherlands
213.155.115.234	T√ºrkiye
218.90.123.106	China
198.235.24.229	United States
205.210.31.34	United States
205.210.31.243	United States
198.235.24.209	United States
45.195.148.58	Hong Kong
194.45.197.10	Germany
103.153.69.99	Vietnam
185.165.190.17	United States
205.210.31.12	United States
119.200.147.175	South Korea
104.236.128.10	United States
174.142.205.27	Canada
198.235.24.106	United States
183.81.33.153	Vietnam
205.210.31.108	United States
162.142.125.213	United States
205.210.31.246	United States
205.210.31.49	United States
94.156.71.57	Bulgaria
205.210.31.182	United States
198.235.24.91	United States
205.210.31.72	United States
198.235.24.255	United States
206.212.246.14	United States
147.78.47.51	The Netherlands
87.98.246.158	France
198.235.24.153	United States
192.241.207.96	United States
scanner-07.ch1.censys-scanner.com	United States
205.210.31.76	United States
d162h6x3rxav67.cloudfront.net	United States
sdk.sharethrough.com	United States
199.45.155.50	United States
162.142.125.212	United States
65.49.1.21	United States
152.32.206.38	United States
205.210.31.195	United States
205.210.31.105	United States
198.235.24.24	United States
198.235.24.246	United States
107.170.238.50	United States
122.224.129.234	China
119.91.46.141	China
205.210.31.136	United States
109.248.43.169	Czechia
118.193.47.223	Hong Kong
185.196.10.212	United Kingdom
192.241.237.25	United States
152.32.181.108	United Arab Emirates
d3n8jmlosd4nm1.cloudfront.net	United States
app.link	United States
43.153.67.142	United States
106.75.134.120	China
162.142.125.82	United States
205.210.31.155	United States
51.75.16.245	Saudi Arabia
198.199.113.46	United States
223.4.208.204	China
192.241.207.94	United States
138.197.38.20	United States
45.61.187.193	United States
45-79-168-172.ip.linodeusercontent.com	United States
146.88.241.212	United States
198.98.51.91	United States
45.95.147.236	The Netherlands
146.88.241.172	United States
64.62.197.184	United States
43.129.43.35	Indonesia
80.94.93.239	Romania
192.241.224.28	United States
220.120.38.82	South Korea
59.55.128.147	China
176.123.1.226	Moldova
128.14.239.39	United States
43.133.138.234	Indonesia
43.129.54.86	Indonesia
45.148.121.172	The Netherlands
185.122.204.179	Russia
107.170.231.6	United States
192.241.225.78	United States
170.64.236.26	Australia
152.32.157.92	United Kingdom
205.210.31.143	United States
71.6.232.25	United States
198.235.24.158	United States
205.210.31.52	United States
162.243.135.24	United States
205.210.31.14	United States
192.241.197.22	United States
198.235.24.96	United States
205.210.31.139	United States
205.210.31.18	United States
198.235.24.231	United States
103.203.57.28	China
107.170.246.30	United States
146.190.174.211	United States
162.243.134.31	United States
198.235.24.176	United States
205.210.31.180	United States
199.45.154.16	United States
123.58.215.102	Hong Kong
64.62.197.43	United States
49.51.142.139	Germany
65.49.1.109	United States
205.210.31.39	United States
34.78.68.58	Belgium
42.51.227.67	China
49.51.36.15	United States
167.94.138.33	United States
198.235.24.198	United States
192.241.233.53	United States
205.210.31.15	United States
71.6.232.28	United States
162.243.149.12	United States
185.180.143.76	Portugal
143.198.2.170	United States
198.235.24.68	United States
192.241.211.44	United States
192.241.211.5	United States
101.32.103.44	Japan
61.190.18.46	China
78.128.113.46	Bulgaria
198.235.24.90	United States
205.210.31.232	United States
205.210.31.40	United States
198.235.24.184	United States
198.235.24.113	United States
47.93.56.107	China
198.235.24.67	United States
167.94.145.60	United States
198.235.24.154	United States
211.218.194.133	South Korea
198.235.24.64	United States
198.235.24.239	United States
198.235.24.201	United States
154.127.163.140	Angola
107.170.247.36	United States
152.32.128.169	Hong Kong
47.106.126.55	China
198.235.24.43	United States
198.235.24.125	United States
51.75.45.183	France
207.90.244.17	United States
198.235.24.136	United States
167.94.145.53	United States
205.210.31.101	United States
205.210.31.213	United States
106.75.168.236	China
198.199.115.122	United States
139.59.23.204	India
43.131.247.244	South Korea
65.49.1.88	United States
167.94.138.143	United States
205.210.31.156	United States
205.210.31.181	United States
205.210.31.43	United States
159.203.208.30	United States
167.248.133.33	United States
205.210.31.6	United States
64.62.197.153	United States
205.210.31.99	United States
65.49.1.118	United States
199.45.155.33	United States
65.49.1.60	United States
198.235.24.180	United States
205.210.31.207	United States
205.210.31.236	United States
167.248.133.187	United States
198.235.24.110	United States
205.210.31.110	United States
64.62.197.219	United States
162.142.125.138	United States
198.199.111.41	United States
167.248.133.51	United States
198.235.24.115	United States
198.235.24.100	United States
79.110.62.53	The Netherlands
205.210.31.131	United States
162.142.125.220	United States
87.98.243.61	France
185.195.201.148	United Kingdom
198.235.24.123	United States
198.235.24.60	United States
147.124.212.245	United States
92.255.107.147	Russia
192.241.195.51	United States
205.210.31.73	United States
167.94.146.60	United States
185.47.172.136	Italy
198.235.24.142	United States
198.235.24.56	United States
192.241.218.38	United States
205.210.31.214	United States
162.142.125.232	United States
205.210.31.168	United States
205.210.31.96	United States
198.235.24.146	United States
185.220.100.255	Germany
185.220.101.170	Germany
185.220.100.251	Germany
185.220.100.247	Germany
185.220.100.253	Germany
51.89.153.112	United Kingdom
185.220.100.243	Germany
45.130.20.250	The Netherlands
185.220.101.160	Germany
185.220.100.241	Germany
161.35.148.91	The Netherlands
185.220.101.37	Germany
205.210.31.5	United States
185.220.101.35	Germany
185.220.100.240	Germany
192.241.209.20	United States
205.210.31.36	United States
150.230.133.120	India
152.32.199.20	Brazil
123.58.213.118	Hong Kong
194.26.135.155	Russia
159.75.56.103	China
64.62.197.216	United States
217.12.245.109	Russia
203.130.10.226	Pakistan
24.144.94.180	United States
198.235.24.159	United States
65.49.20.107	United States
180.184.92.67	China
103.203.57.13	China
65.49.20.113	United States
185.196.8.198	United States
61.83.103.96	South Korea
64.62.197.98	United States
198.235.24.14	United States
sb.scorecardresearch.com	United States
storage-cdn.prod.automox.com	United States
152.32.199.33	Brazil
s.srvmath.com	United States
s.oaydks.com	United States
198.199.94.19	United States
185.242.226.20	The Netherlands
146.88.241.152	United States
direct-events-collector.spot.im	United States
sni1gl.wpc.sigmacdn.net	United States
43.153.9.176	United States
167.248.133.38	United States
107.170.228.50	United States
167.94.138.127	United States
39.106.18.244	China
165.154.138.151	Germany
162.243.146.4	United States
sni1gl.wpc.upsiloncdn.net	United States
sni1gl.wpc.kappacdn.net	United States
87.121.69.25	United Kingdom
46.151.214.148	Saudi Arabia
185.180.143.140	Portugal
119.153.101.249	Pakistan
152.32.208.169	United States
175.206.96.66	South Korea
192.241.224.37	United States
60.250.93.46	Taiwan
167.248.133.36	United States
185.180.143.143	Portugal
e11271.dscg.akamaiedge.net	United States
198.235.24.82	United States
194.165.16.72	Monaco
107.170.252.16	United States
198.235.24.139	United States
198.235.24.192	United States
45.55.0.41	United States
162.142.125.10	United States
165.154.182.154	United States
192.241.214.12	United States
58.48.42.202	China
91.92.246.84	Bulgaria
167.248.133.34	United States
205.210.31.69	United States
103.237.146.15	Vietnam
64.62.197.239	United States
198.235.24.72	United States
45.227.254.8	Panama
79.110.62.150	The Netherlands
125.77.166.200	China
43.155.155.143	South Korea
61.111.12.40	South Korea
202.166.164.46	Pakistan
192.241.212.33	United States
162.62.214.95	Germany
165.154.172.108	United States
93.123.39.184	Bulgaria
198.235.24.23	United States
112.164.236.13	South Korea
80.75.212.75	Germany
198.235.24.230	United States
165.154.12.82	United Arab Emirates
199.45.155.48	United States
165.154.135.73	United States
2.57.149.84	Poland
205.210.31.106	United States
128.14.211.186	United States
192.241.195.64	United States
205.210.31.221	United States
205.210.31.37	United States
162.243.147.17	United States
205.210.31.231	United States
198.235.24.233	United States
198.235.24.200	United States
198.235.24.254	United States
94.156.64.76	Bulgaria
45.128.96.77	United States
198.235.24.27	United States
79.124.60.142	Bulgaria
79.124.60.6	Bulgaria
164.68.102.208	Germany
205.210.31.128	United States
192.241.207.44	United States
151.106.41.83	France
164.92.125.133	United States
209.141.35.151	United States
185.242.226.47	The Netherlands
205.210.31.223	United States
45.90.97.172	Germany
118.193.43.158	Hong Kong
165.154.182.187	United States
120.232.239.143	China
205.210.31.58	United States
198.235.24.2	United States
47.113.228.137	China
79.124.62.130	Bulgaria
205.210.31.140	United States
205.210.31.193	United States
178.91.94.146	Kazakhstan
201.20.85.122	Brazil
198.235.24.88	United States
162.243.140.14	United States
152.32.141.40	Nigeria
198.235.24.80	United States
185.180.143.80	Portugal
198.235.24.73	United States
205.210.31.75	United States
165.154.11.48	Nigeria
195.88.120.62	Russia
198.235.24.168	United States
165.154.164.79	Germany
205.210.31.93	United States
81.30.202.30	Russia
dlijww04fyyln.cloudfront.net	United States
205.210.31.206	United States
38.132.109.181	United States
15.204.223.194	United States
track.cj.akadns.net	United States
165.154.182.207	United States
152.32.140.22	Nigeria
106.75.169.238	China
d2g1q7ku6gxqv6.cloudfront.net	United States
193.163.125.248	United Kingdom
s.groamth.com	United States
s.tpcserve.com	United States
s.mrmserve.com	United States
s.quilvem.com	United States
xtrapath5.xboxprod.izatcloud.net	United States
s.vicksot.com	United States
3.88.64.81	United States
45.61.187.178	United States
164.92.164.19	Germany
108.157.150.124	United States
107.170.225.17	United States
inapps.appsflyer.com	United States
media.pushlycdn.com	United States
192.241.207.8	United States
d2vxgxvhgubbj8.cloudfront.net	United States
5.101.67.10	Russia
190.187.208.76	Peru
111.173.116.75	China
138.68.24.162	United States
198.199.115.21	United States
162.243.133.13	United States
167.94.146.24	United States
65.49.1.65	United States
184.105.139.116	United States
162.243.143.41	United States
193.163.125.241	United Kingdom
103.109.180.112	India
167.94.138.124	United States
43.157.9.49	Germany
192.241.203.69	United States
167.94.145.55	United States
185.220.100.250	Germany
162.243.142.41	United States
192.241.196.95	United States
128.232.21.75	United Kingdom
198.235.24.208	United States
198.235.24.22	United States
218.145.61.20	South Korea
43.129.57.32	Indonesia
91.206.26.26	Poland
199.45.154.66	United States
165.154.119.158	Thailand
107.170.247.45	United States
80.66.88.211	The Netherlands
5.42.86.0	Sweden
192.241.230.41	United States
47.116.17.144	China
64.62.197.33	United States
198.235.24.147	United States
103.186.64.199	Vietnam
198.199.117.57	United States
128.140.0.246	Germany
79.124.40.70	Bulgaria
152.32.174.186	Hong Kong
162.216.150.97	United States
167.94.145.18	United States
152.32.235.206	United States
170.64.167.72	Australia
167.94.145.56	United States
159.203.224.14	United States
2.57.121.126	Romania
103.183.121.244	Vietnam
45.227.254.49	Panama
185.122.204.234	Russia
185.233.19.198	Hong Kong
165.154.48.24	Indonesia
162.243.151.13	United States
205.210.31.9	United States
170.239.128.7	Argentina
198.235.24.155	United States
162.216.150.150	United States
207.90.244.13	United States
205.210.31.48	United States
192.241.222.99	United States
43.133.146.174	Indonesia
64.62.197.165	United States
198.235.24.58	United States
185.161.248.148	Russia
107.170.229.18	United States
51.159.5.101	France
82.156.167.244	China
198.235.24.175	United States
157.245.50.198	Singapore
115.113.173.34	India
198.235.24.45	United States
205.210.31.65	United States
82.137.223.152	Syria
195.3.221.113	Poland
167.248.133.186	United States
205.210.31.132	United States
115.90.226.11	South Korea
192.241.220.35	United States
45.95.147.215	The Netherlands
205.210.31.216	United States
198.235.24.111	United States
179.43.168.98	Switzerland
198.199.105.59	United States
205.210.31.79	United States
103.67.197.53	Vietnam
203.189.150.125	Cambodia
41.142.252.63	Morocco
31.220.3.125	Germany
167.94.138.51	United States
205.210.31.81	United States
198.235.24.167	United States
46.50.205.61	Russia
103.183.121.113	Vietnam
167.94.146.51	United States
167.94.146.30	United States
205.210.31.25	United States
64.62.197.46	United States
167.71.38.138	Germany
185.242.226.31	The Netherlands
167.94.145.54	United States
165.154.164.112	Germany
198.235.24.30	United States
152.32.212.41	Hong Kong
167.94.138.125	United States
107.170.245.39	United States
175.178.102.92	China
8.137.13.117	China
206.189.133.64	India
118.179.157.179	Bangladesh
101.47.12.143	Singapore
198.199.93.53	United States
120.224.132.168	China
213.199.41.121	Germany
107.170.255.12	United States
152.32.149.246	United States
162.142.125.214	United States
185.200.118.68	United Kingdom
198.235.24.173	United States
101.36.97.205	United Kingdom
152.32.150.29	United States
194.163.161.40	Germany
35.203.211.202	United Kingdom
152.32.206.51	United States
65.49.1.15	United States
87.120.84.143	United States
192.241.193.126	United States
162.142.125.222	United States
192.241.225.83	United States
198.235.24.183	United States
65.49.1.80	United States
205.210.31.17	United States
198.235.24.223	United States
103.183.121.87	Vietnam
152.32.134.156	Hong Kong
162.216.149.92	United States
159.203.208.17	United States
167.94.146.52	United States
176.123.10.50	Moldova
104.131.118.62	United States
167.248.133.126	United States
128.14.237.9	United States
122.96.31.137	China
78.153.140.177	United Kingdom
185.122.204.236	Russia
194.165.16.76	Monaco
104.152.52.207	United States
193.222.96.163	The Netherlands
179.43.161.135	Switzerland
205.210.31.192	United States
205.210.31.130	United States
167.248.133.35	United States
165.154.12.9	United Arab Emirates
121.41.228.50	China
185.216.70.138	United States
103.203.57.21	China
198.235.24.41	United States
185.242.226.46	The Netherlands
205.210.31.178	United States
152.32.206.181	United States
198.235.24.148	United States
123.150.76.218	China
43.157.79.165	Germany
103.3.120.53	China
165.154.119.20	Thailand
162.243.131.8	United States
205.210.31.141	United States
106.75.153.59	China
205.210.31.238	United States
208.87.240.183	United States
79.124.58.130	Bulgaria
81.19.137.132	France
172.200.251.223	United States
170.64.176.46	Australia
198.235.24.98	United States
118.193.32.92	Hong Kong
89.248.170.88	The Netherlands
103.203.57.22	China
121.159.163.6	South Korea
152.32.200.117	Brazil
192.241.219.51	United States
198.235.24.252	United States
192.241.217.35	United States
139.99.46.21	Singapore
167.248.133.49	United States
152.32.164.139	Taiwan
167.94.146.56	United States
185.242.226.50	The Netherlands
43.157.198.106	Indonesia
205.210.31.22	United States
198.199.98.136	United States
188.164.179.126	Russia
185.220.100.254	Germany
45.141.215.21	Poland
185.56.83.83	Seychelles
185.220.101.32	Germany
23.129.64.229	United States
192.42.116.25	The Netherlands
80.67.167.81	France
91.210.59.57	Denmark
198.235.24.203	United States
198.199.92.126	United States
199.45.155.17	United States
167.248.133.184	United States
165.154.221.175	Vietnam
192.241.218.40	United States
205.210.31.215	United States
162.142.125.225	United States
165.154.36.177	United States
190.111.246.85	Argentina
65.49.1.56	United States
116.147.37.17	China
198-74-56-46.ip.linodeusercontent.com	United States
165.154.58.251	Philippines
43.157.198.99	Indonesia
164.90.160.103	Germany
198.199.112.41	United States
165.154.164.57	Germany
192.241.196.80	United States
141.11.159.109	Thailand
152.32.170.230	Hong Kong
165.154.225.160	Hong Kong
198.199.118.62	United States
107.170.244.30	United States
185.196.220.81	United States
198.199.118.127	United States
165.154.51.243	Thailand
198.235.24.120	United States
123.58.248.231	China
165.154.134.152	United States
165.154.36.245	United States
198.235.24.151	United States
198.199.93.66	United States
165.154.172.244	United States
107.170.231.10	United States
64.20.35.242	United States
199.45.155.19	United States
199.45.154.65	United States
198.235.24.134	United States
152.32.243.98	South Korea
167.248.133.37	United States
198.199.110.59	United States
137.184.179.251	United States
198.235.24.241	United States
107.170.237.73	United States
49.51.34.159	United States
205.210.31.225	United States
199.45.155.32	United States
45.55.0.39	United States
107.170.254.24	United States
198.199.96.98	United States
205.210.31.210	United States
205.210.31.29	United States
198.199.97.81	United States
205.210.31.162	United States
152.32.198.93	United Kingdom
205.210.31.138	United States
91.92.246.41	Bulgaria
198.199.119.104	United States
